file,WER,Deletions,Substitutions,Insertions
04_Maroon_5_Memories.txt,0.08,"{'yeah': 1, 'ayyayy': 1, 'and': 1, 'ayy': 1}","{'here': {'that': 1}, 'today': {'it': 1}, 'you': {'yours': 1}, 'go': {'gonna': 1}}","{'aint': 1, 'of': 1, 'everything': 1, 'weve': 1}"
24_Lil_Baby_Woah.txt,0.32,{'lie': 1},"{'come': {'go': 1}, 'its': {'explore': 1}, 'roarin': {'you': 1}, 'yeah': {'know': 1, 'how': 1}, 'you': {'im': 2, 'oh': 1, 'i': 1, 'cant': 1, 'that': 1, 'kind': 1, 'got': 1, 'house': 1, 'comparison': 1}, 'know': {'coming': 2}, 'how': {'you': 1, 'been': 1}, 'im': {'know': 1, 'over': 1}, 'comin': {'how': 1, 'then': 1}, 'bend': {'i': 1}, 'her': {'murkered': 1, 'you': 1, 'batch': 1}, 'over': {'hawk': 1}, 'then': {'on': 1}, 'i': {'it': 1, 'buying': 1, 'aint': 1, 'if': 1, '100000': 1, 'even': 1, 'from': 1}, 'murk': {'if': 1}, 'call': {'want': 1}, 'gunna': {'your': 1}, 'if': {'burger': 1, 'she': 1}, 'want': {'baby': 1}, 'a': {'be': 1, 'her': 1, 'we': 1}, 'birkin': {'lining': 1}, 'oh': {'your': 1}, 'baby': {'verses': 1}, 'lyin': {'here': 1}, 'in': {'and': 2, 'guarantee': 1, 'do': 1, 'low': 1, 'year': 2}, 'your': {'say': 1}, 'verses': {'you': 1}, 'be': {'them': 1, 'mouth': 1, 'out': 1}, 'hearin': {'purses': 1}, 'say': {'i': 1}, 'buyin': {'even': 1}, 'em': {'lie': 1, 'niggas': 1, 'looks': 1}, 'purses': {'you': 1}, 'cant': {'my': 1}, 'even': {'type': 1, 'in': 1, 'me': 1, 'to': 1}, 'my': {'even': 1, 'every': 1, 'not': 1, 'of': 1}, 'type': {'know': 1}, 'aint': {'fine': 1, 'keep': 1, 'tried': 1}, 'all': {'purses': 1}, 'that': {'i': 1}, 'fine': {'can': 1}, 'person': {'you': 1}, 'can': {'you': 1, 'in': 1, 'my': 1}, 'guarantee': {'my': 1}, 'kind': {'bag': 1}, 'she': {'you': 1}, 'got': {'can': 1, 'traffic': 1}, 'every': {'imagine': 1}, 'bag': {'big': 1}, 'imagine': {'really': 1}, 'big': {'be': 1, 'and': 1}, 'house': {'bragging': 1}, 'really': {'my': 1, 'here': 1}, 'braggin': {'like': 1}, 'hundred': {'whats': 1}, 'thousand': {'bad': 1}, 'mouth': {'the': 1}, 'like': {'big': 1}, 'whats': {'cheap': 1}, 'happenin': {'she': 1}, 'not': {'does': 1}, 'the': {'embarrass': 1, 'probably': 1, 'turning': 1}, 'cheap': {'he': 1}, 'teeth': {'aint': 1}, 'thats': {'me': 1}, 'embarrasin': {'you': 1}, 'he': {'can': 1}, 'me': {'the': 1, 'last': 1}, 'keep': {'bitch': 1}, 'comparisons': {'one': 1}, 'bitch': {'the': 1}, 'probably': {'baddies': 1}, 'one': {'good': 1}, 'of': {'girl': 1}, 'baddest': {'into': 1}, 'good': {'a': 1}, 'girl': {'savage': 1}, 'turned': {'this': 1}, 'into': {'got': 1}, 'savage': {'problem': 1}, 'dispatch': {'in': 1}, 'problem': {'cant': 1}, 'traffic': {'it': 1}, 'we': {'matching': 1}, 'came': {'she': 1}, 'through': {'wagging': 1}, 'matching': {'key': 1}, 'gwagons': {'i': 1}, 'lowkey': {'been': 1}, 'ive': {'keeping': 1}, 'been': {'it': 1}, 'keeping': {'classy': 1}, 'it': {'could': 1}, 'classy': {'be': 1}, 'could': {'really': 1}, 'out': {'doing': 1}, 'here': {'them': 1}, 'doin': {'nasty': 1}, 'nasty': {'couldnt': 1}, 'niggas': {'even': 1, 'last': 1}, 'couldnt': {'see': 1}, 'see': {'in': 1}, 'last': {'just': 1, 'i': 1}, 'year': {'started': 1}, 'just': {'and': 1}, 'started': {'im': 1}, 'and': {'niggas': 1, 'passed': 1}, 'them': {'in': 1}, 'gear': {'aint': 1}, 'try': {'when': 1}, 'to': {'i': 1}, 'passed': {'giving': 1}}",{'i': 1}
02_Future_Life_Is_Good.txt,0.23,"{'if': 1, 'ayy': 1}","{'workin': {'working': 2}, 'niggas': {'ns': 3, 'they': 1, 'what': 1}, 'doin': {'doing': 2, 'im': 1}, 'that': {'a': 1, 'ns': 1}, 'patek': {'paddock': 2, 'caught': 1}, 'goin': {'going': 1, 'okay': 1}, 'caught': {'call': 1, 'someone': 1}, 'once': {'ones': 1, 'block': 1}, 'id': {'i': 1, 'a': 1}, 'was': {'feels': 1, 'shit': 1}, 'manor': {'man': 1, 'plush': 1}, 'are': {'a': 1}, 'numbered': {'number': 1}, 'wakin': {'waking': 1}, 'some': {'something': 1}, 'off': {'up': 1}, 'baby': {'we': 1}, 'a': {'an': 1}, 'her': {'a': 1}, 'turn': {'turned': 1}, 'the': {'a': 1}, 'givin': {'giving': 1}, 'like': {'ns': 1}, 'usual': {'swear': 1}, 'swear': {'passed': 1}, 'passed': {'doing': 1}, 'us': {'too': 2}, 'they': {'much': 1}, 'much': {'turned': 1}, 'havent': {'up': 1}, 'done': {'virgil': 1}, 'my': {'got': 1, 'slipping': 1}, 'taxes': {'a': 1}, 'im': {'paddock': 1}, 'too': {'on': 1, 'bottoms': 1}, 'turnt': {'my': 1}, 'up': {'wrist': 1, 'man': 1}, 'virgil': {'going': 1}, 'got': {'nuts': 1}, 'on': {'me': 1}, 'wrist': {'ones': 1}, 'nuts': {'so': 1}, 'me': {'hit': 1}, 'slippin': {'your': 1}, 'okay': {'up': 1}, 'so': {'i': 1}, 'what': {'tell': 1}, 'someone': {'you': 1}, 'hit': {'it': 1}, 'your': {'feels': 1}, 'block': {'us': 1}, 'tell': {'house': 1}, 'you': {'in': 1}, 'if': {'rosewood': 1}, 'it': {'this': 1}, 'house': {'its': 1}, 'in': {'cool': 1}, 'rosewood': {'man': 1}, 'this': {'got': 1}, 'shit': {'red': 1}, 'plush': {'on': 1}}","{'a': 1, 'us': 1}"
26_Travis_Scott_HIGHEST_IN_THE_ROOM.txt,0.71,"{'ah': 1, 'i': 1}","{'i': {'oh': 1, 'might': 1, 'with': 1}, 'got': {'the': 1, 'you': 1, 'love': 1}, 'room': {'infinities': 1, 'some': 1, 'you': 1}, 'in': {'her': 1, 'i': 1, 'feel': 1}, 'my': {'phone': 1, 'pm': 1, 'soon': 1, 'alive': 1, 'dont': 1, 'hope': 1, 'bout': 1}, 'fumes': {'shout': 1}, 'yeah': {'out': 1, 'as': 1, 'loot': 1}, 'she': {'here日수오름': 1, 'be': 1, 'it': 1}, 'fill': {'불이оже': 1}, 'mind': {'이렇게': 1}, 'up': {'lui': 1}, 'with': {'there': 1, 'fumed': 1}, 'ideas': {'is': 1}, 'im': {'not': 1, 'hear': 1, 'around': 1, 'is': 1}, 'the': {'any': 1, 'see': 1, 'dont': 1, 'we': 1}, 'highest': {'hope': 1}, 'its': {'things': 1}, 'lit': {'that': 1}, 'hope': {'you': 1, 'die': 1}, 'make': {'fear': 1, 'that': 1}, 'it': {'im': 1, 'i': 1, 'pistol': 1}, 'outta': {'doing': 1, 'on': 1}, 'here': {'a': 1, 'my': 1}, 'lets': {'show': 1}, 'go': {'ill': 1}, 'saw': {'back': 1}, 'eyes': {'tattin': 1}, 'know': {'wanna': 1}, 'gone': {'now': 1}, 'see': {'got': 1}, 'some': {'it': 1}, 'things': {'in': 1}, 'that': {'my': 1, 'hope': 1}, 'you': {'room': 1, 'she': 1, 'i': 1, 'with': 1, 'now': 1}, 'might': {'legs': 1}, 'fear': {'wrapped': 1}, 'doin': {'my': 1}, 'a': {'beard': 1}, 'show': {'got': 1}, 'ill': {'the': 1}, 'be': {'fastest': 1}, 'back': {'car': 1}, 'soon': {'in': 1, 'zoom': 1}, 'aint': {'we': 1}, 'what': {'make': 1}, 'wanna': {'outta': 1, 'it': 1}, 'hear': {'here': 1}, 'nah': {'when': 1}, 'now': {'im': 1}, 'her': {'i': 1}, 'ah': {'say': 1, 'side': 1}, 'legs': {'you': 1}, 'wrapped': {'love': 1}, 'around': {'me': 1}, 'beard': {'you': 1}, 'fastest': {'cry': 1}, 'car': {'but': 1}, 'zoom': {'dont': 1}, 'skrrt': {'wanna': 1}, 'we': {'keep': 1}, 'when': {'case': 1}, 'alive': {'what': 1}, 'say': {'done': 1}, 'love': {'i': 1}, 'me': {'deal': 1}, 'dont': {'im': 1, 'make': 1}, 'lie': {'high': 1}, 'wont': {'a': 1}, 'cross': {'gnome': 1}, 'heart': {'i': 1}, 'die': {'outta': 1}, 'keep': {'here': 1}, 'pistol': {'aint': 1}, 'on': {'stressin': 1}, 'side': {'the': 1}}","{'what': 1, 'my': 1}"
10_Billie_Eilish_everything_i_wanted.txt,0.24,"{'fly': 1, 'care': 1}","{'youd': {'you': 1}, 'mm': {'mmhmm': 1}, 'cried': {'nobody': 1, 'even': 1, 'noticed': 1, 'i': 1}, 'nobody': {'saw': 1}, 'even': {'them': 1}, 'noticed': {'standing': 1}, 'i': {'right': 1, 'me': 1, 'say': 1}, 'saw': {'there': 1}, 'them': {'kinda': 1}, 'standing': {'thought': 1}, 'right': {'they': 1}, 'there': {'might': 1}, 'kinda': {'care': 1}, 'thought': {'i': 1}, 'they': {'had': 1}, 'might': {'a': 1, 'i': 1, 'everything': 1}, 'care': {'dream': 1, 'got': 1}, 'had': {'wanted': 1}, 'a': {'but': 1}, 'dream': {'when': 1}, 'got': {'wake': 1}, 'everything': {'up': 1}, 'wanted': {'see': 1}, 'but': {'you': 1}, 'when': {'with': 1}, 'wake': {'and': 1}, 'up': {'you': 1}, 'see': {'as': 1}, 'you': {'long': 1}, 'with': {'as': 1}, 'me': {'im': 1}}","{'here': 1, 'no': 1}"
18_Maren_Morris_The_Bones.txt,0.08,{'mmm': 1},"{'paint': {'pain': 1}, 'any': {'when': 1}, 'storm': {'its': 1}, 'facing': {'pissing': 1}, 'will': {'the': 1}, 'blow': {'car': 1}, 'put': {'but': 1}}",{'gone': 1}
01_Roddy_Ricch_The_Box.txt,0.22,"{'yeah': 1, 'key': 1, 'for': 1, 'the': 1, 'quarter': 1}","{'pullin': {'eboot': 1}, 'out': {'eboot': 1, 'fuck': 1, 'you': 1, 'put': 1}, 'the': {'eboot': 2, 'fuck': 1, 'swat': 1, 'i': 2, 'get': 1, 'we': 1}, 'coupe': {'eboot': 1}, 'at': {'eboot': 1, 'really': 1, 'wanna': 1, 'the': 1}, 'lot': {'pulling': 1}, 'told': {'out': 1, 'so': 1}, 'em': {'the': 1, 'got': 1}, 'fuck': {'coupe': 1, 'the': 1}, '12': {'at': 1}, 'swat': {'lot': 1}, 'bustin': {'told': 1}, 'all': {'em': 1}, 'bells': {'12': 1}, 'box': {'bustin': 1, 'just': 1, 'put': 1}, 'i': {'all': 1, 'seal': 1, 'nigga': 1, 'ever': 1, 'know': 1, 'cadillac': 1}, 'just': {'the': 1}, 'hit': {'bells': 1}, 'a': {'out': 1, 'to': 1, 'the': 1, 'cash': 1, 'cruisin': 1}, 'lick': {'the': 1}, 'with': {'box': 1}, 'had': {'hit': 1}, 'to': {'a': 1}, 'put': {'lick': 1}, 'stick': {'box': 1}, 'in': {'had': 1, 'at': 1}, 'mmh': {'the': 1}, 'pour': {'stick': 1}, 'up': {'in': 1}, 'whole': {'box': 1}, 'damn': {'pour': 1}, 'seal': {'up': 1}, 'ima': {'the': 1}, 'get': {'whole': 1}, 'lazy': {'damn': 1}, 'got': {'ima': 1}, 'mojo': {'lazy': 1}, 'deals': {'i': 1}, 'we': {'got': 1}, 'been': {'the': 1}, 'trappin': {'mojo': 1}, 'like': {'deals': 1}, '80s': {'been': 1}, 'she': {'trappin': 1}, 'sucked': {'like': 1}, 'nigga': {'80s': 1, 'out': 1}, 'soul': {'she': 1, 'i': 1}, 'gotta': {'such': 1}, 'cash': {'a': 1}, 'app': {'nigga': 1}, 'wipe': {'the': 1}, 'nose': {'told': 1}, 'say': {'em': 1}, 'slatt': {'wipe': 1, 'a': 1}, 'wont': {'no': 1}, 'never': {'say': 1}, 'sell': {'slat': 1}, 'my': {'slat': 1}, 'and': {'wont': 1}, 'can': {'sell': 1}, 'back': {'my': 1, 'at': 1}, 'that': {'soul': 1}, 'really': {'can': 1}, 'wanna': {'back': 1}, 'know': {'that': 1, 'cause': 1}, 'where': {'and': 1, 'niggas': 1}, 'you': {'i': 1}, 'was': {'where': 1}, 'stash': {'was': 1}, 'cruise': {'back': 1}, 'city': {'stash': 1}, 'bulletproof': {'city': 1}, 'cadillac': {'in': 1}, 'skrrt': {'a': 1}, 'cause': {'bulletproof': 1}, 'these': {'i': 1}, 'niggas': {'know': 1, 'nigga': 1}, 'after': {'these': 1}, 'bag': {'way': 1}, 'yeah': {'bag': 1}, 'for': {'fire': 1}, 'ill': {'i': 1}, 'playin': {'playing': 1}, 'rim': {'reign': 1}, 'probably': {'papa': 1}}","{'with': 1, 'where': 1, 'out': 1, 'at': 1, 'they': 1}"
27_Harry_Styles_Falling.txt,0.03,{'you': 1},{'around': {'to': 1}},{'run': 1}
14_Justin_Bieber_Yummy.txt,0.35,{},"{'yummyyum': {'yummy': 3, 'on': 1, 'way': 1, 'got': 1, 'the': 1}, 'that': {'yummy': 3, 'word': 1, 'my': 1, 'yeah': 2, 'you': 1, 'say': 1}, 'yummyyummy': {'yummy': 2, 'babe': 1}, 'yeah': {'yummy': 5, 'any': 1, 'say': 1, 'word': 1, 'morning': 1, 'late': 1, 'the': 1, '5050': 1, 'made': 1, 'my': 1}, 'you': {'say': 1, 'number': 1, 'it': 1, 'like': 1, 'yummy': 2}, 'got': {'the': 1, 'yeah': 1, 'yummy': 1}, 'say': {'yeah': 2, 'in': 1}, 'the': {'babe': 2, 'my': 1, 'stallion': 1, 'no': 1, 'every': 1, 'around': 1, 'spinning': 1, 'get': 1}, 'word': {'yeah': 2, 'stable': 1}, 'on': {'babe': 2, 'no': 1, 'yeah': 1, 'come': 1}, 'my': {'any': 1, 'in': 1, 'you': 1, 'yeah': 1, 'that': 1}, 'way': {'day': 1, 'the': 1, 'stay': 1, 'babe': 1}, 'babe': {'day': 1, 'the': 1, 'on': 1, 'or': 1, 'say': 1, 'word': 1, 'set': 1, 'yeah': 1}, 'any': {'my': 1, 'yeah': 1}, 'night': {'way': 1}, 'day': {'babe': 1}, 'in': {'on': 2, 'yeah': 1}, 'mornin': {'way': 1}, 'or': {'bonafide': 1}, 'late': {'aint': 1}, 'bona': {'on': 1}, 'fide': {'the': 1}, 'stallion': {'run': 1}, 'no': {'the': 1, 'youre': 1}, 'stable': {'side': 1}, 'stay': {'one': 1}, 'run': {'time': 1}, 'aint': {'i': 1}, 'side': {'you': 1}, 'youre': {'get': 1}, 'number': {'it': 1}, 'one': {'done': 1}, 'every': {'love': 1}, 'time': {'the': 1}, 'i': {'way': 1}, 'come': {'you': 1}, 'around': {'splint': 1}, 'get': {'on': 1, 'come': 1}, 'it': {'the': 1, 'magic': 1, 'jet': 1}, 'done': {'racks': 1}, 'fiftyfifty': {'on': 1}, 'love': {'me': 1}, 'split': {'a': 1}, 'hundred': {'get': 1}, 'racks': {'lit': 1}, 'help': {'and': 1}, 'me': {'babe': 1}, 'spend': {'that': 1}, 'light': {'watch': 1}, 'a': {'the': 1}, 'match': {'sunset': 1}, 'litty': {'home': 1}, 'jet': {'rolling': 1}, 'set': {'eyes': 1}, 'watch': {'back': 1}, 'sunset': {'my': 1}, 'kinda': {'hair': 1}, 'rollin': {'toes': 1}, 'eyes': {'curl': 1}, 'back': {'yeah': 1}, 'head': {'you': 1}, 'make': {'got': 1}, 'toes': {'yummy': 1}, 'curl': {'yummy': 1}}",{}
16_Lizzo_Good_as_Hell.txt,0.22,{'do': 1},"{'feeling': {'feelin': 1, 'hair': 1, 'of': 1, 'the': 1}, 'good': {'toss': 1, 'bullshit': 1}, 'as': {'check': 1, 'gone': 1}, 'hell': {'my': 1, 'dust': 1}, 'hair': {'nails': 2}, 'toss': {'baby': 2}, 'check': {'how': 2}, 'my': {'you': 2}, 'nails': {'feelin': 2}, 'baby': {'woo': 1}, 'how': {'child': 1}, 'you': {'tired': 1, 'touch': 1, 'i': 1, 'simplify': 1, 'fine': 1}, 'woo': {'your': 1}, 'child': {'shoulders': 1}, 'tired': {'off': 1}, 'of': {'keep': 1}, 'the': {'it': 1, 'its': 1, 'hair': 1}, 'bullshit': {'movin': 1}, 'go': {'yes': 1}, 'on': {'lord': 1}, 'dust': {'tryin': 1}, 'your': {'to': 1, 'a': 1, 'door': 1}, 'shoulders': {'get': 1}, 'off': {'some': 1}, 'keep': {'new': 1}, 'it': {'shit': 1}, 'moving': {'in': 1}, 'yes': {'there': 1}, 'lord': {'swimwear': 1}, 'tryna': {'goin': 1}, 'get': {'to': 1}, 'some': {'the': 1}, 'new': {'pool': 1}, 'in': {'come': 1}, 'there': {'now': 1}, 'swimwear': {'come': 1}, 'goingtothepool': {'dry': 1}, 'shit': {'your': 1}, 'come': {'eyes': 1, 'know': 1}, 'now': {'you': 1}, 'dry': {'you': 1}, 'eyes': {'star': 1}, 'know': {'can': 1, 'you': 1}, 'a': {'the': 1}, 'star': {'sky': 1}, 'can': {'know': 1}, 'touch': {'that': 1}, 'sky': {'hard': 1}, 'i': {'but': 1, 'check': 1}, 'that': {'have': 1}, 'its': {'to': 1}, 'hard': {'try': 1}, 'but': {'if': 1}, 'have': {'need': 1}, 'to': {'advice': 1}, 'try': {'let': 1}, 'if': {'me': 1, 'anymore': 1}, 'need': {'if': 1}, 'advice': {'he': 1}, 'let': {'dont': 1}, 'me': {'love': 1}, 'simplify': {'you': 1}, 'he': {'just': 1}, 'dont': {'walk': 1}, 'love': {'your': 1}, 'anymore': {'ass': 1}, 'just': {'out': 1}, 'walk': {'the': 1}, 'fine': {'i': 1}, 'ass': {'do': 1}, 'out': {'my': 1}, 'door': {'toss': 1}}",{'hair': 1}
11_Selena_Gomez_Lose_You_To_Love_Me.txt,0.14,"{'to': 1, 'love': 2, 'yeah': 1}","{'offkey': {'off': 1}, 'rosecolored': {'rose': 1}, 'all': {'are': 1}, 'on': {'in': 1}, 'hurtin': {'herd': 1}, 'dancing': {'dance': 1}, 'yeah': {'you': 3}}","{'key': 1, 'colored': 1, 'and': 1, 'that': 1}"
25_Billie_Eilish_bad_guy.txt,0.09,{'youre': 1},"{'bruises': {'roses': 1}, 'or': {'oh': 1}, 'to': {'through': 1}, 'it': {'youre': 1}, 'mama': {'momma': 1}, 'tight': {'type': 1}}",{'i': 1}
29_Jonas_Brothers_What_a_Man_Gotta_Do.txt,0.86,"{'lose': 1, 'so': 1}","{'cut': {'what': 1}, 'my': {'a': 1}, 'heart': {'man': 1}, 'about': {'gotta': 1}, 'one': {'do': 1}, 'two': {'what': 1}, 'times': {'a': 1}, 'dont': {'man': 1}, 'need': {'gotta': 1}, 'question': {'be': 1}, 'the': {'totally': 1, 'gotta': 1}, 'reason': {'locked': 1}, 'im': {'up': 1, 'you': 1, 'so': 1, 'locked': 1}, 'yours': {'by': 1, 'what': 1, 'up': 1, 'you': 1}, 'id': {'a': 1}, 'move': {'man': 1}, 'earth': {'say': 1}, 'or': {'what': 1}, 'fight': {'man': 1}, 'just': {'gotta': 1}, 'see': {'be': 1}, 'you': {'in': 1, 'night': 1, 'these': 1}, 'smile': {'last': 1}, 'cause': {'good': 1}, 'got': {'and': 1}, 'no': {'your': 1, 'good': 1}, 'flaws': {'first': 1, 'day': 1}, 'not': {'what': 1}, 'tryin': {'a': 1}, 'to': {'man': 1, 'cheap': 1, 'im': 1}, 'be': {'gotta': 1, 'plans': 1, 'gonna': 1}, 'your': {'do': 1, 'im': 1, 'i': 1}, 'parttime': {'what': 1}, 'lover': {'a': 1}, 'sign': {'man': 1}, 'me': {'gotta': 1}, 'up': {'do': 1, 'these': 1}, 'for': {'to': 1}, 'that': {'be': 1}, 'fulltime': {'totally': 1}, 'all': {'by': 1}, 'do': {'prove': 1, 'grab': 1, 'and': 1, 'be': 1}, 'what': {'you': 1, 'time': 1, 'just': 1, 'me': 1, 'doors': 1, 'your': 1}, 'a': {'aint': 1, 'on': 1, 'for': 1, 'by': 1, 'im': 1, 'parttime': 1}, 'man': {'tryna': 1, 'stupid': 1, 'you': 1, 'the': 1, 'not': 1, 'lover': 1}, 'gotta': {'be': 1, 'people': 1, 'to': 1, 'collar': 1, 'tryna': 1, 'sign': 1}, 'say': {'wasting': 1}, 'pray': {'and': 1}, 'last': {'sure': 1}, 'good': {'im': 1, 'a': 1}, 'night': {'sure': 1}, 'and': {'so': 1}, 'first': {'gave': 1}, 'day': {'million': 1}, 'so': {'dollars': 1}, 'totally': {'lock': 1}, 'locked': {'on': 1}, 'by': {'doors': 1}, 'prove': {'me': 1}}","{'do': 1, 'pray': 1}"
05_Lewis_Capaldi_Someone_You_Loved.txt,0.29,"{'no': 1, 'one': 1, 'to': 2, 'turn': 1}","{'fear': {'feel': 1, 'time': 1}, 'allornothing': {'all': 1}, 'really': {'or': 1}, 'got': {'nothing': 1}, 'a': {'really': 1}, 'way': {'got': 1}, 'of': {'away': 1}, 'liked': {'like': 1}, 'numbed': {'know': 1}, 'all': {'im': 1}, 'pain': {'poet': 1}, 'now': {'and': 1}, 'let': {'lay': 1}, 'guard': {'gun': 1}, 'pulled': {'pull': 1}, 'getting': {'scared': 1}, 'being': {'be': 1}, 'someone': {'and': 1}, 'you': {'so': 1}, 'loved': {'were': 1}, 'im': {'you': 1}, 'going': {'left': 1}, 'under': {'im': 1}, 'and': {'going': 1}, 'this': {'under': 1}, 'time': {'and': 1}, 'i': {'this': 1}, 'theres': {'i': 1}}","{'youre': 1, 'not': 1, 'all': 1, 'up': 1, 'it': 1}"
30_Halsey_You_should_be_sad.txt,0.07,"{'no': 1, 'ive': 1, 'had': 1, 'enough': 1, 'of': 1, 'them': 1}","{'my': {'got': 1, 'half': 1}, 'chest': {'no': 1}, 'anger': {'malice': 1}, 'got': {'just': 1}, 'no': {'a': 1, 'tell': 1, 'man': 1, 'i': 1}, 'malice': {'little': 1}, 'just': {'bit': 1, 'warning': 1, 'and': 1}, 'a': {'of': 1, 'love': 1}, 'little': {'regret': 1}, 'bit': {'know': 1}, 'of': {'nobody': 1, 'im': 1}, 'regret': {'else': 1, 'will': 1}, 'nobody': {'you': 1}, 'else': {'so': 1}, 'will': {'theres': 1}, 'tell': {'some': 1}, 'you': {'things': 1, 'the': 1, 'so': 1, 'theres': 1, 'in': 1, 'feel': 1, 'had': 1, 'without': 1, 'your': 1}, 'so': {'i': 1, 'baby': 1, 'to': 1, 'just': 1, 'me': 1}, 'theres': {'gotta': 1, 'i': 1}, 'some': {'say': 1}, 'things': {'gonna': 1}, 'i': {'jot': 1, 'you': 2, 'too': 1, 'just': 1, 'ran': 1}, 'gotta': {'it': 1}, 'say': {'down': 1}, 'gonna': {'and': 1}, 'jot': {'then': 1}, 'down': {'out': 1, 'would': 1}, 'get': {'ill': 1}, 'it': {'be': 1, 'sorry': 1, 'no': 1, 'fucking': 1}, 'out': {'on': 1, 'far': 1}, 'and': {'my': 1, 'inside': 1, 'ever': 1, 'im': 1, 'never': 1}, 'then': {'way': 1, 'ever': 1}, 'ill': {'know': 1}, 'be': {'youre': 1}, 'on': {'not': 1}, 'way': {'the': 1}, 'youre': {'you': 1}, 'not': {'think': 1}, 'half': {'that': 1}, 'the': {'you': 1, 'drugs': 1}, 'man': {'are': 1}, 'think': {'cant': 1}, 'that': {'fill': 1, 'see': 1}, 'are': {'hole': 1, 'breaking': 1}, 'cant': {'with': 1, 'it': 1}, 'fill': {'money': 1}, 'hole': {'and': 1}, 'inside': {'cars': 1}, 'with': {'glad': 1, 'unless': 1}, 'money': {'i': 1}, 'drugs': {'never': 1}, 'cars': {'had': 1}, 'im': {'a': 1, 'down': 1}, 'glad': {'with': 1, 'then': 1}, 'never': {'cause': 1, 'tears': 1}, 'ever': {'you': 1, 'cause': 1}, 'had': {'cant': 1, 'glad': 1}, 'baby': {'nothing': 1}, 'cause': {'something': 1, 'this': 1}, 'love': {'for': 1}, 'nothing': {'you': 1}, 'unless': {'oh': 1}, 'something': {'feel': 1}, 'in': {'so': 1}, 'for': {'i': 1}, 'oh': {'so': 1}, 'feel': {'tried': 1, 'it': 1}, 'sorry': {'help': 1}, 'sad': {'aint': 1}, 'tried': {'bad': 1}, 'to': {'and': 1}, 'help': {'i': 1}, 'made': {'about': 1, 'so': 1}, 'mad': {'are': 1}, 'warning': {'made': 1}, 'about': {'it': 1}, 'who': {'out': 1}, 'without': {'that': 1}, 'breaking': {'you': 1}, 'ran': {'touch': 1}, 'fuckin': {'again': 1}, 'far': {'wont': 1}, 'would': {'alligator': 1}, 'touch': {'no': 1}, 'me': {'ive': 1}, 'again': {'had': 1}, 'wont': {'enough': 1}, 'see': {'of': 1}, 'your': {'them': 1}, 'alligator': {'gonna': 1}, 'tears': {'start': 1}}","{'anger': 1, 'get': 1, 'and': 1, 'of': 1, 'sad': 1, 'who': 1}"
21_Roddy_Ricch_High_Fashion_(feat._Mustard).txt,0.4,"{'at': 1, 'cash': 1, 'heart': 1}","{'mustard': {'i': 1}, 'on': {'put': 1, 'floor': 1, 'we': 1, 'need': 1}, 'the': {'some': 1, 'drop': 1, 'it': 1, 'but': 1, 'she': 1, 'only': 1, 'yall': 1, 'promo': 1, 'keep': 1, 'dont': 1}, 'beat': {'ice': 1}, 'hoe': {'on': 1}, 'shawty': {'you': 1, 'if': 1}, 'made': {'cause': 1}, 'that': {'you': 1, 'tell': 1}, 'ass': {'got': 1, 'okay': 1}, 'clap': {'a': 1}, 'she': {'cold': 1, 'inside': 1}, 'dont': {'i': 1, 'keep': 1, 'go': 1}, 'need': {'know': 1, 'it': 1}, 'no': {'i': 1, 'just': 1, 'and': 1}, 'applause': {'gotta': 1}, 'high': {'keep': 1, 'a': 1}, 'fashion': {'my': 1}, 'like': {'shorty': 1, 'babe': 1, 'high': 1}, 'goyard': {'on': 1}, 'gwagon': {'go': 1}, 'or': {'go': 1}, 'rover': {'that': 1}, 'i': {'ass': 1, 'none': 1, 'these': 1, 'lot': 1, 'the': 2, 'bottom': 2, 'when': 2, 'my': 1, 'see': 1, 'since': 1, 'you': 1}, 'put': {'to': 1}, 'some': {'the': 1}, 'ice': {'floor': 1}, 'you': {'yeah': 1, 'i': 1, 'the': 1, 'dioio': 1, 'up': 1, 'im': 1}, 'cause': {'ah': 1, 'make': 1}, 'got': {'aint': 1, 'now': 1, 'my': 1}, 'a': {'gotta': 1, 'you': 1, 'know': 1, 'diamonds': 1, 'got': 1}, 'cold': {'deal': 1}, 'heart': {'with': 1}, 'know': {'of': 1, 'and': 1, 'to': 1}, 'gotta': {'niggas': 1, 'prada': 1}, 'keep': {'no': 1, 'im': 1, 'you': 1}, 'my': {'more': 1, 'wanna': 1, 'dark': 1}, 'go': {'happen': 1, 'to': 1, 'be': 1}, 'drop': {'hands': 1}, 'to': {'is': 1, 'i': 1}, 'floorfloor': {'okay': 1}, 'yeah': {'if': 1}, 'ahah': {'i': 1}, 'woah': {'call': 1}, 'aint': {'my': 1, 'top': 1}, 'deal': {'babe': 1}, 'with': {'i': 1, 'cash': 1}, 'none': {'aint': 1}, 'of': {'no': 1, 'the': 1}, 'these': {'player': 1}, 'niggas': {'i': 1}, 'more': {'got': 1}, 'if': {'a': 2, 'can': 1}, 'we': {'lot': 1}, 'hop': {'of': 1}, 'in': {'base': 1, 'i': 1}, 'benz': {'let': 1}, 'is': {'me': 1, 'i': 1}, 'okay': {'you': 2}, 'it': {'like': 1, 'in': 1}, 'call': {'babe': 1}, 'prada': {'start': 1}, 'bae': {'at': 1, 'like': 1, 'shanaynay': 1, 'pull': 1, 'and': 1}, 'player': {'the': 1}, 'just': {'babe': 1}, 'lot': {'want': 1, 'i': 1}, 'baes': {'shoe': 1}, 'but': {'with': 1}, 'let': {'the': 1}, 'me': {'red': 1}, 'tell': {'at': 1}, 'wanna': {'you': 1}, 'start': {'right': 1}, 'and': {'babe': 1}, 'bottom': {'want': 1, 'i': 1}, 'want': {'im': 1, 'coco': 1}, 'shoe': {'doing': 1}, 'red': {'dont': 1}, 'when': {'rise': 1}, 'ride': {'in': 1}, 'top': {'44': 1}, 'chanene': {'if': 1}, 'dioo': {'i': 1}, 'im': {'got': 1, 'cause': 1}, 'only': {'a': 1}, 'doin': {'feeling': 1}, 'promo': {'inside': 1}, 'pull': {'heart': 1}, 'up': {'and': 1}, 'rise': {'pedicure': 1}, 'fourfour': {'do': 1}, 'inside': {'facades': 1, 'the': 1}, 'cocoa': {'you': 1}, 'feeling': {'even': 1}, 'patek': {'it': 1}, 'too': {'it': 1}, 'facades': {'anything': 1}}","{'woah': 1, 'is': 1, 'and': 1}"
23_Harry_Styles_Adore_You.txt,0.25,"{'paradise': 1, 'say': 1, 'for': 1}","{'state': {'i': 1}, 'of': {'get': 1}, 'mind': {'so': 1}, 'i': {'lost': 1}, 'get': {'inside': 1}, 'so': {'your': 1}, 'lost': {'eyes': 1}, 'inside': {'do': 1}, 'your': {'you': 1, 'brown': 1}, 'eyes': {'believe': 1}, 'would': {'it': 1, 'say': 1}, 'believe': {'dont': 1, 'me': 1}, 'it': {'have': 1, 'i': 1}, 'you': {'to': 3, 'through': 1, 'thing': 1, 'love': 1}, 'dont': {'say': 3}, 'have': {'love': 1, 'nothing': 1, 'youre': 1}, 'to': {'me': 1, 'you': 1, 'mine': 1}, 'love': {'dont': 1}, 'me': {'have': 1, 'i': 1, 'the': 1}, 'say': {'dont': 1, 'honey': 1}, 'nothing': {'have': 1}, 'youre': {'i': 1}, 'mine': {'walk': 1}, 'honey': {'through': 1, 'for': 1}, 'ah': {'fire': 1, 'you': 1}, 'id': {'for': 1, 'just': 1}, 'walk': {'you': 1, 'let': 1}, 'through': {'just': 1, 'me': 1}, 'fire': {'let': 1, 'adore': 1}, 'for': {'me': 1}, 'just': {'oh': 1, 'like': 1}, 'let': {'honey': 1, 'its': 1}, 'adore': {'walk': 1, 'only': 1}, 'oh': {'fire': 1}, 'like': {'ill': 2}, 'its': {'ever': 2}, 'the': {'do': 2}, 'only': {'like': 1, 'youre': 1}, 'thing': {'its': 1, 'wonder': 1}, 'ill': {'the': 1, 'under': 1}, 'ever': {'only': 1, 'summer': 1}, 'do': {'thing': 1, 'sky': 1}, 'wonder': {'skin': 1}, 'under': {'and': 1}, 'summer': {'lemon': 1, 'would': 1}, 'skies': {'overrides': 1, 'you': 1}, 'brown': {'believe': 1}, 'skin': {'it': 1}, 'and': {'you': 1}, 'lemon': {'dont': 1}, 'over': {'have': 1}, 'ice': {'to': 1}}","{'adore': 1, 'just': 1, 'wanna': 1}"
07_Arizona_Zervas_ROXANNE.txt,0.21,"{'in': 1, 'unless': 1}","{'all': {'off': 1, 'damn': 1, 'but': 1, 'at': 1, 'yeah': 1}, 'for': {'of': 1, 'no': 1}, 'oh': {'roxanne': 1}, 'wait': {'roxanne': 1, 'drive': 1}, 'shit': {'all': 1}, '94': {'she': 1}, 'dont': {'wanna': 1, 'want': 1}, 'need': {'do': 1}, 'no': {'is': 1, 'gon': 1}, 'brakes': {'party': 1}, 'yeah': {'all': 1, 'if': 1}, 'roxanne': {'night': 1, 'god': 1, 'think': 1, 'met': 1, 'her': 1}, 'she': {'roxanne': 2, 'only': 2, 'a': 1, 'shorty': 1, 'if': 1}, 'wanna': {'never': 1, 'party': 1, 'a': 1}, 'do': {'gonna': 1, 'in': 1, 'brutal': 1}, 'is': {'love': 1, 'the': 1}, 'party': {'me': 1, 'hills': 1, 'for': 1}, 'night': {'its': 1, 'she': 1}, 'god': {'alright': 1}, 'damn': {'she': 1}, 'never': {'im': 1}, 'gonna': {'a': 1}, 'love': {'asshole': 1}, 'me': {'she': 1}, 'but': {'think': 1, 'ay': 1}, 'its': {'im': 1, 'the': 1}, 'alright': {'a': 1}, 'think': {'keep': 1, 'cause': 1}, 'im': {'running': 1, 'i': 1}, 'an': {'back': 1}, 'asshole': {'though': 1}, 'a': {'pay': 1, 'it': 1, 'this': 1}, 'player': {'up': 1}, 'keep': {'roxanne': 1}, 'running': {'all': 1}, 'back': {'she': 1}, 'though': {'wanna': 1}, 'only': {'do': 1}, 'cause': {'is': 1}, 'i': {'party': 1, 'dont': 1}, 'pay': {'all': 1}, 'up': {'night': 1}, 'met': {'just': 1}, 'her': {'wanna': 1}, 'at': {'do': 1}, 'hills': {'thrill': 1}, 'just': {'drive': 1}, 'it': {'with': 1}, 'the': {'top': 1, 'car': 1, 'i': 1}, 'thrill': {'but': 1}, 'shawty': {'i': 1}, 'drive': {'throw': 1, 'a': 1}, 'poodle': {'money': 1}, 'with': {'she': 1}, 'top': {'drop': 1}, 'if': {'she': 1, 'unless': 1}, 'throw': {'wait': 1}, 'this': {'in': 1}, 'money': {'lines': 1}, 'gon': {'its': 1}, 'drop': {'too': 1}, 'ayy': {'long': 1}, 'in': {'the': 1}, 'lines': {'whip': 1}, 'too': {'roof': 1}, 'long': {'fall': 1}, 'whip': {'when': 1}, 'roof': {'cash': 1}, 'off': {'out': 1}, 'want': {'take': 1}, 'to': {'the': 1}, 'call': {'pick': 1}, 'cash': {'ask': 1}, 'out': {'her': 1}}","{'player': 1, 'she': 1}"
17_The_Weeknd_Heartless.txt,0.19,"{'the': 1, 'im': 1, 'heartless': 1}","{'bitch': {'tryna': 1}, 'need': {'find': 1, 'pound': 1}, 'tryna': {'the': 1, 'but': 1, 'never': 1}, 'find': {'one': 1}, 'the': {'that': 1, 'speed': 1, 'a': 1, 'love': 1}, 'one': {'can': 1}, 'that': {'fix': 1}, 'can': {'me': 1}, 'fix': {'ive': 1}, 'me': {'been': 1, 'never': 1, 'cause': 1}, 'ive': {'dodging': 1, 'through': 1}, 'been': {'death': 1, 'the': 1}, 'dodgin': {'in': 1}, 'death': {'the': 1}, 'in': {'six': 1, 'tryna': 1}, 'six': {'amphetamine': 1}, 'speed': {'got': 1}, 'amphetamine': {'my': 1}, 'got': {'stomach': 1, 'life': 1}, 'my': {'feeling': 1, 'this': 1}, 'stummy': {'sickly': 1}, 'feelin': {'i': 1}, 'sickly': {'want': 1}, 'yeah': {'it': 1}, 'i': {'all': 1}, 'want': {'now': 1}, 'it': {'ive': 1}, 'all': {'been': 1, 'got': 1}, 'now': {'running': 1}, 'runnin': {'pussy': 1}, 'through': {'need': 1}, 'pussy': {'dog': 1}, 'a': {'hundred': 1, 'im': 1, 'for': 1}, 'dog': {'models': 1}, 'pound': {'getting': 1}, 'hundred': {'faded': 1}, 'models': {'in': 1}, 'gettin': {'a': 1}, 'faded': {'compound': 1}, 'compound': {'me': 1}, 'love': {'they': 1}, 'but': {'get': 1}, 'they': {'a': 1}, 'never': {'postout': 1, 'no': 1}, 'get': {'cause': 1}, 'pulse': {'heartless': 1}, 'down': {'and': 1}, 'why': {'im': 1}, 'cause': {'bad': 1, 'and': 1, 'be': 1, 'much': 1}, 'im': {'to': 1, 'this': 1, 'a': 1, 'pussy': 1}, 'heartless': {'my': 1, 'pain': 1, 'better': 1, 'be': 1}, 'and': {'ways': 1, 'for': 1}, 'back': {'heartless': 1}, 'to': {'all': 1}, 'ways': {'money': 1}, 'this': {'me': 1, 'life': 1}, 'money': {'heartless': 1}, 'pain': {'for': 1}, 'low': {'said': 2}, 'life': {'im': 2, 'tryna': 1, 'so': 1}, 'for': {'heartless': 2, 'im': 1}, 'said': {'man': 1, 'falling': 1}, 'better': {'wetting': 1}, 'man': {'can': 1}, 'be': {'life': 1}, 'weddin': {'life': 1}, 'plan': {'cause': 1}}","{'cause': 1, 'im': 1, 'but': 1}"
19_Blackbear_hot_girl_bummer.txt,0.15,"{'day': 1, 'and': 1, 'throw': 1, 'a': 1, 'tantrum': 1}","{'this': {'diss': 6}, 'bummer': {'by': 3}, 'awkward': {'hawk': 1}, 'every': {'everyday': 1}, 'day': {'like': 1}, 'leg': {'that': 1}, 'that': {'the': 1}, 'secluded': {'supported': 1}}","{'my': 3, 'hook': 1, 'with': 1}"
22_Chris_Brown_No_Guidance.txt,0.26,"{'even': 1, 'you': 1, 'long': 1, 'wild': 1, 'cause': 1, 'it': 1, 'ohoh': 1}","{'before': {'so': 1}, 'die': {'dont': 1}, 'im': {'try': 1}, 'tryna': {'to': 1}, 'f': {'fuck': 1}, 'babies': {'value': 1}, 'leave': {'deal': 1}, 'ayy': {'so': 2, 'poppin': 1}, 'trips': {'i': 1}, 'that': {'dont': 1}, 'you': {'try': 1, 'and': 1, 'deep': 1, 'it': 1, 'line': 1, 'blew': 1, 'no': 1, 'what': 1, 'poppin': 1, 'mom': 1, 'perfect': 1}, 'plan': {'to': 1}, 'for': {'fuck': 1}, 'the': {'you': 1, 'wildin': 1, 'no': 1, 'come': 1, 'be': 1, 'im': 1}, 'next': {'baby': 1}, 'whole': {'trips': 1}, 'week': {'that': 1}, 'bands': {'you': 1}, 'too': {'plan': 1}, 'a': {'the': 1, 'it': 1}, 'n': {'next': 1}, 'so': {'whole': 1}, 'cheap': {'week': 1}, 'and': {'bands': 1, 'a': 1, 'little': 1, 'lookin': 1, 'to': 1}, 'your': {'too': 1, 'nigga': 1}, 'flex': {'long': 1}, 'od': {'for': 1, 'cheap': 1}, 'sex': {'so': 1}, 'got': {'your': 2, 'know': 2, 'shit': 1, 'to': 1, 'baby': 1}, 'it': {'flex': 1, 'sex': 1, 'now': 1, 'but': 1, 'you': 1, 'me': 1}, 'girl': {'so': 1, 'only': 1, 'a': 1, 'and': 1}, 'yeah': {'it': 1, 'modest': 1}, 'pretty': {'you': 1}, 'lil': {'got': 1, 'you': 1}, 'thing': {'it': 1}, 'bag': {'pretty': 1, 'you': 1}, 'now': {'thing': 1, 'fallin': 1}, 'wildin': {'got': 1}, 'just': {'back': 1}, 'took': {'and': 1}, 'off': {'you': 1}, 'lot': {'you': 1}, 'no': {'just': 1, 'they': 1, 'baby': 1}, 'mileage': {'took': 1}, 'way': {'it': 1}, 'they': {'off': 1, 'talkin': 1}, 'hittin': {'the': 1}, 'dm': {'mileage': 1}, 'lookin': {'way': 1}, 'violent': {'they': 1}, 'talkin': {'hittin': 1}, 'come': {'the': 1}, 'around': {'dm': 1}, 'silent': {'why': 1}, 'flew': {'you': 1}, 'coop': {'around': 1}, 'at': {'and': 1}, '17': {'now': 1}, 'guidance': {'silent': 1}, 'be': {'the': 1}, 'stayin': {'coupe': 1}, 'low': {'at': 1}, 'but': {'17': 1, 'never': 1}, 'know': {'goddess': 1}, 'what': {'you': 1}, 'vibes': {'stayin': 1}, 'is': {'low': 1}, 'aint': {'but': 1}, 'never': {'you': 1}, 'nowhere': {'the': 1}, 'bein': {'fives': 1}, 'modest': {'is': 1}, 'poppin': {'it': 1, 'bein': 1}, 'shit': {'aint': 1}, 'only': {'got': 1}, 'youre': {'it': 1, 'all': 1}, 'baby': {'got': 1, 'love': 1}, 'in': {'it': 1, 'got': 1, 'no': 1}, 'her': {'girl': 1, 'it': 1}, 'birkin': {'lil': 1}, 'nine': {'in': 1}, 'to': {'a': 1, 'laws': 1}, 'five': {'bag': 1}, 'put': {'and': 1}, 'work': {'workin': 1}, 'flaws': {'nine': 1}, 'all': {'five': 1, 'in': 1}, 'i': {'put': 1}, 'love': {'the': 1}, 'em': {'work': 1}, 'me': {'and': 1}, 'perfect': {'i': 1}, 'ooh': {'you': 1}}","{'deep': 1, 'girl': 2, 'cause': 1, 'yeah': 1, 'got': 1, 'it': 1}"
03_Post_Malone_Circles.txt,0.25,{'away': 1},"{'we': {'far': 1, 'vagan': 1, 'be': 1, 'change': 1}, 'couldnt': {'jotka': 1, 'the': 1}, 'turn': {'vinci': 1}, 'around': {'therapeutic': 1}, 'til': {'dr': 1}, 'were': {'th': 1, 'flag': 1, 'so': 1}, 'upside': {'spark': 1}, 'down': {'plant': 1}, 'ill': {'rainbow': 1}, 'be': {'lone': 1, 'bad': 1}, 'the': {'we': 1, 'every': 1, 'im': 1}, 'bad': {'couldnt': 1}, 'guy': {'turn': 1}, 'now': {'around': 1}, 'but': {'till': 1, 'the': 1, 'again': 1}, 'no': {'we': 1}, 'i': {'were': 1, 'be': 1, 'but': 1, 'to': 1}, 'aint': {'upside': 1}, 'too': {'down': 1}, 'proud': {'ill': 1}, 'there': {'guy': 1}, 'even': {'now': 1}, 'when': {'but': 1}, 'tried': {'aint': 1}, 'you': {'too': 1, 'running': 1, 'i': 1}, 'dont': {'proud': 1, 'do': 1}, 'believe': {'i': 1}, 'it': {'couldnt': 1, 'love': 1}, 'do': {'there': 1, 'circles': 1}, 'this': {'even': 1}, 'every': {'when': 1}, 'time': {'i': 1}, 'seasons': {'tried': 1}, 'change': {'you': 1}, 'and': {'dont': 1}, 'our': {'believe': 1}, 'love': {'it': 1}, 'went': {'we': 1}, 'cold': {'do': 1}, 'feed': {'this': 1}, 'flame': {'time': 1}, 'cause': {'seasons': 1}, 'cant': {'and': 1}, 'let': {'our': 1}, 'go': {'went': 1}, 'run': {'cold': 1, 'let': 1, 'on': 1, 'the': 1, 'but': 1}, 'away': {'feed': 1, 'go': 1, 'you': 1, 'blame': 1}, 'running': {'cause': 1, 'i': 1}, 'in': {'we': 1, 'dont': 1}, 'circles': {'cant': 1, 'take': 1}, 'dare': {'were': 1}, 'to': {'in': 1}, 'something': {'run': 1}, 'im': {'away': 1}, 'waiting': {'run': 1}, 'on': {'away': 1}, 'again': {'dare': 1}, 'so': {'you': 1}, 'take': {'something': 1}, 'blame': {'waiting': 1}}",{'no': 1}
15_The_Weeknd_Blinding_Lights.txt,0.17,"{'yeah': 1, 'citys': 1, 'oh': 2}","{'tryna': {'trying': 1}, 'withdrawals': {'a': 1}, 'and': {'stained': 1}, 'sin': {'cities': 1}, 'cant': {'can': 1}}","{'to': 1, 'drought': 1, 'no': 1, 'i': 1}"
20_Eminem_Godzilla_(feat._Juice_WRLD).txt,0.28,"{'ugh': 1, 'date': 1, 'laughin': 1, 'yeah': 2, 'just': 1, 'ballistic': 1, 'on': 1}","{'ill': {'i': 1}, 'walkin': {'walking': 1}, 'bbobby': {'bbabi': 1}, 'heenan': {'meaning': 1}, 'mania': {'maniacs': 1}, 'shadys': {'shades': 1}, 'in': {'and': 1, 'hospital': 1, 'what': 1}, 'possed': {'posse': 1}, 'up': {'to': 1, 'song': 1}, 'to': {'too': 1, 'this': 1, 'on': 1}, 'sleepin': {'sleep': 1}, 'on': {'in': 1, 'v': 1, 'dance': 1, 'product': 1}, 'me': {'army': 1}, 'hydroxycut': {'hydroxy': 1}, 'pass': {'cut': 1}, 'courvoisi': {'kibasi': 1}, 'finna': {'finish': 1}, 'set': {'that': 1}, 'it': {'ass': 1}, 'play': {'playdate': 1}, 'vacay': {'vacate': 1}, 'craycray': {'cray': 1}, 'j': {'jahaha': 1}, 'hahaha': {'laughing': 1}, 'or': {'a': 1}, 'durin': {'during': 1}, 'road': {'world': 1}, 'outta': {'out': 1}, 'godzilla': {'bottle': 1, 'monster': 1}, 'spitter': {'spit': 1}, 'and': {'louis': 1, 'a': 1, 'appalled': 1, 'mental': 1}, 'the': {'carpet': 1, 'floor': 1, 'that': 1, 'with': 1, 'go': 1}, 'louis': {'fire': 1, 'cricket': 1}, 'v': {'but': 1, 'onyx': 1}, 'carpet': {'to': 1, 'told': 1}, 'fire': {'blood': 1}, 'monster': {'on': 1}, 'blood': {'the': 1}, 'dance': {'im': 1}, 'floor': {'just': 1}, 'im': {'him': 1, 'see': 1}, 'just': {'nick': 1, 'its': 1}, 'a': {'da': 1, 'i': 1, 'this': 1}, 'product': {'balls': 1}, 'of': {'had': 1, 'crystal': 1}, 'slick': {'him': 1}, 'rick': {'just': 1}, 'onyx': {'did': 1}, 'told': {'so': 1}, 'em': {'many': 1, 'off': 1, 'the': 1, 'in': 1}, 'lick': {'things': 1}, 'balls': {'pissed': 1}, 'had': {'him': 1}, 'appalled': {'impossible': 1}, 'did': {'to': 1}, 'so': {'list': 1}, 'many': {'them': 1}, 'things': {'all': 1}, 'that': {'and': 1}, 'pissed': {'in': 1}, 'off': {'midst': 1}, 'its': {'of': 1}, 'impossible': {'all': 1}, 'list': {'im': 1}, 'all': {'a': 1, 'ball': 1}, 'midst': {'a': 1}, 'this': {'tryna': 1, 'back': 1, 'just': 1}, 'mental': {'steer': 1}, 'hospital': {'you': 1}, 'with': {'like': 1}, 'crystal': {'tomorrow': 1}, 'ball': {'risper': 1}, 'tryna': {'dog': 1}, 'see': {'versus': 1}, 'will': {'whisper': 1}, 'i': {'my': 1}, 'still': {'fists': 1}, 'be': {'is': 1}, 'like': {'ball': 1}, 'tomorrow': {'up': 1}, 'risperdal': {'against': 1}, 'voices': {'the': 1}, 'whisper': {'wall': 1}, 'my': {'pencil': 1}, 'fist': {'drawn': 1}, 'balled': {'just': 1}, 'back': {'a': 1}, 'against': {'to': 1}, 'wall': {'ballistic': 1}, 'pencil': {'on': 1}, 'drawn': {'you': 1}, 'is': {'roll': 1}, 'song': {'pistol': 1}, 'go': {'the': 1}}","{'past': 1, 'cray': 1, 'of': 3, 'a': 1, 'the': 1, 'this': 1}"
13_DaBaby_BOP.txt,0.4,"{'since': 1, 'uhhuh': 1, 'me': 1, 'bitch': 1}","{'its': {'it': 1}, 'ever': {'airscent': 1, 'aint': 1}, 'dropped': {'drop': 1, 'go': 1}, 'man': {'me': 1}, 'since': {'nobody': 1}, 'baby': {'drop': 1, 'lets': 1, 'a': 1}, 'on': {'shit': 1, 'you': 1, 'yeah': 1}, 'aint': {'ha': 1, 'look': 1, 'some': 1}, 'nobody': {'i': 1}, 'drop': {'needed': 1}, 'oh': {'with': 1, 'ima': 1}, 'lord': {'some': 1}, 'jetson': {'boppin': 1}, 'made': {'i': 1}, 'another': {'flew': 1}, 'one': {'past': 1}, 'lets': {'the': 1, 'whip': 1, 'talkin': 1, 'baby': 1}, 'go': {'whip': 1, 'had': 1, 'aint': 1}, 'hah': {'with': 1, 'ha': 1}, 'i': {'that': 1, 'a': 2, 'im': 1, 'you': 1, 'niggas': 1, 'up': 1, 'mentions': 1, 'aint': 1}, 'needed': {'blunt': 1}, 'some': {'in': 1, 'watch': 1, 'out': 1}, 'shit': {'my': 1}, 'with': {'mouth': 1, 'bitch': 1, 'fuck': 1, 'couple': 1}, 'bop': {'the': 1}, 'in': {'swervin': 1, 'pussy': 1, 'i': 1, 'nigga': 1, 'money': 1, 'it': 1}, 'it': {'that': 1, 'hop': 1, 'oh': 1, 'your': 1, 'she': 1, 'free': 1, 'around': 1}, 'flew': {'cop': 1}, 'past': {'in': 1}, 'the': {'it': 2, 'in': 1, 'i': 1, 'gave': 1}, 'whip': {'my': 1, 'finished': 1}, 'that': {'got': 1, 'i': 1, 'no': 1}, 'blunt': {'good': 1}, 'my': {'fly': 1, 'it': 1, 'hearin': 1, 'flipped': 1, 'stiff': 1}, 'mouth': {'her': 1, 'on': 1}, 'watch': {'across': 1}, 'swervin': {'country': 1}, 'had': {'the': 1}, 'a': {'show': 1, 'pictures': 1, 'tryna': 1, 'bit': 1, 'me': 1, 'she': 1}, 'cop': {'and': 1}, 'woo': {'in': 1}, 'bitch': {'i': 1, 'good': 1}, 'good': {'me': 1}, 'pussy': {'a': 1}, 'fly': {'milli': 1}, 'her': {'i': 1, 'shit': 1}, 'cross': {'did': 1}, 'country': {'legitly': 1}, 'finish': {'still': 1}, 'show': {'shits': 1}, 'and': {'im': 1, 'soon': 1, 'at': 1}, 'hop': {'hot': 1}, 'got': {'askin': 1}, 'me': {'for': 1, 'know': 1, 'she': 1}, 'milli': {'with': 1}, 'did': {'whats': 1}, 'legitly': {'name': 1}, 'im': {'get': 1, 'nigga': 1, 'findin': 1, 'from': 1, 'that': 1}, 'still': {'the': 1}, 'shits': {'spot': 1}, 'hot': {'figure': 1, 'deal': 1}, 'nigga': {'which': 1, 'went': 1}, 'you': {'take': 1, 'bitch': 1}, 'asking': {'i': 1}, 'for': {'woke': 1}, 'pictures': {'up': 1}, 'niggas': {'mil': 1}, 'huh': {'on': 1}, 'whats': {'my': 1}, 'your': {'plate': 1}, 'name': {'im': 1}, 'get': {'investin': 1, 'and': 1, 'aint': 1, 'shit': 1}, 'fuck': {'real': 1, 'my': 1}, 'out': {'estate': 1, 'fuck': 1}, 'spot': {'just': 1}, 'tryna': {'mama': 1, 'and': 1}, 'figure': {'a': 1}, 'which': {'hundred': 1}, 'deal': {'probably': 1}, 'ima': {'wont': 1}, 'take': {'hit': 1}, 'uhhuh': {'me': 1}, 'woke': {'in': 1}, 'up': {'my': 1}, 'couple': {'mouth': 1}, 'mil': {'bless': 1}, 'plate': {'me': 1}, 'eat': {'bout': 1}, 'investing': {'some': 1}, 'real': {'as': 1}, 'estate': {'as': 1}, 'just': {'found': 1}, 'went': {'it': 1}, 'gave': {'i': 1}, 'mama': {'it': 1}, 'hundred': {'little': 1, 'different': 1}, 'probably': {'they': 1}, 'wont': {'get': 1}, 'hear': {'it': 1}, 'open': {'im': 1}, 'less': {'the': 1}, 'hearin': {'and': 1}, 'talkin': {'diggity': 1}, 'bout': {'tryna': 1}, 'finding': {'find': 1}, 'money': {'why': 1}, 'as': {'all': 1, 'the': 1}, 'soon': {'in': 1}, 'found': {'know': 1}, 'flipped': {'gettin': 1}, 'flip': {'dm': 1}, 'little': {'this': 1}, 'bit': {'rich': 1}, 'different': {'nigga': 1}, 'they': {'diggin': 1, 'she': 1}, 'dig': {'be': 1, 'turn': 1}, 'know': {'throwin': 1}, 'stiff': {'ass': 1}, 'she': {'it': 1, 'needed': 1}, 'find': {'we': 1}, 'why': {'make': 1}, 'all': {'at': 1}, 'mentions': {'like': 1}, 'no': {'i': 1, 'with': 1}, 'dm': {'some': 1}, 'from': {'bob': 1}}","{'some': 1, 'with': 1, 'out': 1, 'im': 1}"
